Tension,F0,MainGauge,MainDensity,CrossGauge,CrossDensity,FaceSize,MainPatN,CrossPatN,MainYoung,CrossYoung
61.5,693.0226293103448,1.15,1.4152454674939052,1.15,1.4152454674939052,100.0,18,16,1000,1000
61.5,692.0325969827586,1.15,1.4152454674939052,1.15,1.4152454674939052,100.0,18,16,1000,1000
45.0,620.2552532327586,1.31,1.2241974528366752,1.2,1.4058686639784088,98.0,16,19,350,1000
45.0,619.2652209051724,1.31,1.2241974528366752,1.2,1.4058686639784088,98.0,16,19,350,1000
40.0,561.3483297413793,1.2,1.399845701638282,1.25,1.2386074291183662,100.0,16,19,1000,450
40.0,560.8533135775862,1.2,1.399845701638282,1.25,1.2386074291183662,100.0,16,19,1000,450
43.0,544.5177801724137,1.25,1.399845701638282,1.25,1.399845701638282,98.0,16,19,1000,1000
43.0,546.002828663793,1.25,1.399845701638282,1.25,1.399845701638282,98.0,16,19,1000,1000
52.0,600.9496228448276,1.25,1.3445409592403317,1.25,1.3445409592403317,98.0,16,19,1000,1000
52.0,601.9396551724137,1.25,1.3445409592403317,1.25,1.3445409592403317,98.0,16,19,1000,1000
49.0,583.1290409482758,1.25,1.4178795570170772,1.25,1.4178795570170772,100.0,16,19,1000,1000
49.0,583.624057112069,1.25,1.4178795570170772,1.25,1.4178795570170772,100.0,16,19,1000,1000
42.0,584.1190732758621,1.3,1.160230117687663,1.3,1.160230117687663,100.0,14,18,350,350
42.0,586.0991379310344,1.3,1.160230117687663,1.3,1.160230117687663,100.0,14,18,350,350
48.0,548.4779094827586,1.3,1.3787150099794958,1.3,1.3787150099794958,100.0,16,19,1000,1000
48.0,548.9729256465517,1.3,1.3787150099794958,1.3,1.3787150099794958,100.0,16,19,1000,1000
48.0,546.9928609913793,1.3,1.3787150099794958,1.3,1.3787150099794958,100.0,16,19,1000,1000
48.0,547.9828933189655,1.3,1.3787150099794958,1.3,1.3787150099794958,100.0,16,19,1000,1000
46.0,625.2054148706897,1.15,1.4152454674939052,1.15,1.4152454674939052,100.0,16,19,1000,1000
46.0,626.690463362069,1.15,1.4152454674939052,1.15,1.4152454674939052,100.0,16,19,1000,1000
42.0,609.8599137931034,1.25,1.214161229859451,1.25,1.214161229859451,100.0,16,20,450,450
42.0,610.3549299568965,1.25,1.214161229859451,1.25,1.214161229859451,100.0,16,20,450,450
47.0,629.1655441810344,1.24,1.2421041344320658,1.24,1.2421041344320658,98.0,18,16,450,450
47.0,629.6605603448276,1.24,1.2421041344320658,1.24,1.2421041344320658,98.0,18,16,450,450
40.0,584.1190732758621,1.15,1.4152454674939052,1.15,1.4152454674939052,98.0,16,19,1000,1000
40.0,582.6340247844827,1.15,1.4152454674939052,1.15,1.4152454674939052,98.0,16,19,1000,1000
45.0,595.5044450431034,1.2,1.4058686639784088,1.2,1.4058686639784088,100.0,16,19,1000,1000
45.0,594.5144127155172,1.2,1.4058686639784088,1.2,1.4058686639784088,100.0,16,19,1000,1000
48.0,545.5078125,1.25,1.399845701638282,1.25,1.399845701638282,100.0,16,19,1000,1000
48.0,545.0127963362069,1.25,1.399845701638282,1.25,1.399845701638282,100.0,16,19,1000,1000
48.0,579.168911637931,1.25,1.399845701638282,1.25,1.399845701638282,98.0,16,19,1000,1000
48.0,580.1589439655172,1.25,1.399845701638282,1.25,1.399845701638282,98.0,16,19,1000,1000
48.5,618.7702047413793,1.15,1.4152454674939052,1.15,1.4152454674939052,100.0,16,19,1000,1000
48.5,617.28515625,1.15,1.4152454674939052,1.15,1.4152454674939052,100.0,16,19,1000,1000
40.0,583.624057112069,1.25,1.214161229859451,1.25,1.214161229859451,102.0,16,19,450,450
40.0,583.1290409482758,1.25,1.214161229859451,1.25,1.214161229859451,102.0,16,19,450,450
50.0,669.756869612069,1.25,1.2223099629457561,1.25,1.2223099629457561,100.0,16,19,350,350
50.0,668.7668372844827,1.25,1.2223099629457561,1.25,1.2223099629457561,100.0,16,19,350,350
38.0,550.457974137931,1.15,1.4152454674939052,1.15,1.4152454674939052,93.0,18,20,1000,1000
38.0,546.9928609913793,1.15,1.4152454674939052,1.15,1.4152454674939052,93.0,18,20,1000,1000
47.0,638.5708512931034,1.25,1.2386074291183662,1.25,1.2386074291183662,100.0,16,19,450,450
47.0,637.5808189655172,1.25,1.2386074291183662,1.25,1.2386074291183662,100.0,16,19,450,450
51.0,572.2386853448276,1.25,1.3771358915855518,1.25,1.3771358915855518,100.0,16,19,1000,1000
51.0,572.7337015086207,1.25,1.3771358915855518,1.25,1.3771358915855518,100.0,16,19,1000,1000
58.0,624.2153825431034,1.3,1.399845701638282,1.3,1.399845701638282,100.0,16,19,1000,1000
58.0,624.7103987068965,1.3,1.399845701638282,1.3,1.399845701638282,100.0,16,19,1000,1000
48.0,558.3782327586207,1.3,1.399845701638282,1.3,1.399845701638282,100.0,16,19,1000,1000
48.0,558.3782327586207,1.3,1.399845701638282,1.3,1.399845701638282,100.0,16,19,1000,1000
55.0,611.3449622844827,1.3,1.399845701638282,1.3,1.399845701638282,100.0,16,19,1000,1000
55.0,611.3449622844827,1.3,1.399845701638282,1.3,1.399845701638282,100.0,16,19,1000,1000
50.0,633.1256734913793,1.3,1.160230117687663,1.3,1.160230117687663,100.0,16,19,350,350
50.0,633.6206896551723,1.3,1.160230117687663,1.3,1.160230117687663,100.0,16,19,350,350
50.0,643.0259967672414,1.3,1.160230117687663,1.3,1.160230117687663,100.0,16,19,350,350
50.0,643.5210129310344,1.3,1.160230117687663,1.3,1.160230117687663,100.0,16,19,350,350
50.0,576.6938308189655,1.25,1.393433357758162,1.25,1.393433357758162,98.0,16,19,1000,1000
50.0,575.2087823275862,1.25,1.393433357758162,1.25,1.393433357758162,98.0,16,19,1000,1000
48.0,615.8001077586207,1.25,1.3282434930677216,1.25,1.3282434930677216,100.0,16,19,650,650
48.0,615.3050915948276,1.25,1.3282434930677216,1.25,1.3282434930677216,100.0,16,19,650,650
58.0,702.4279364224137,1.25,1.2223099629457561,1.25,1.2223099629457561,100.0,16,19,350,350
58.0,702.9229525862069,1.25,1.2223099629457561,1.25,1.2223099629457561,100.0,16,19,350,350
45.0,602.9296875,1.3,1.2280357739161627,1.3,1.2280357739161627,97.0,16,20,450,450
45.0,601.4446390086207,1.3,1.2280357739161627,1.3,1.2280357739161627,97.0,16,20,450,450
45.0,604.4147359913793,1.3,1.2280357739161627,1.3,1.2280357739161627,100.0,16,19,450,450
45.0,604.4147359913793,1.3,1.2280357739161627,1.3,1.2280357739161627,100.0,16,19,450,450
46.0,561.8433459051724,1.3,1.2506376593256627,1.3,1.2506376593256627,115.0,16,20,450,450
46.0,560.8533135775862,1.3,1.2506376593256627,1.3,1.2506376593256627,115.0,16,20,450,450
52.0,608.8698814655172,1.25,1.3282434930677216,1.25,1.3282434930677216,110.0,16,20,650,650
52.0,608.3748653017241,1.25,1.3282434930677216,1.25,1.3282434930677216,110.0,16,20,650,650
46.0,547.4878771551724,1.25,1.393433357758162,1.25,1.393433357758162,100.0,16,19,1000,1000
46.0,546.9928609913793,1.25,1.393433357758162,1.25,1.393433357758162,100.0,16,19,1000,1000
53.0,584.6140894396551,1.3,1.3787150099794958,1.25,1.3771358915855518,100.0,16,19,1000,1000
53.0,584.6140894396551,1.3,1.3787150099794958,1.25,1.3771358915855518,100.0,16,19,1000,1000
40.0,558.3782327586207,1.2,1.4058686639784088,1.2,1.4058686639784088,98.0,16,19,1000,1000
40.0,554.913119612069,1.2,1.4058686639784088,1.2,1.4058686639784088,98.0,16,19,1000,1000
50.0,656.8864493534483,1.25,1.2386074291183662,1.25,1.2386074291183662,100.0,16,19,450,450
50.0,656.8864493534483,1.25,1.2386074291183662,1.25,1.2386074291183662,100.0,16,19,450,450
40.0,507.8865840517241,1.25,1.3445409592403317,1.25,1.3445409592403317,100.0,16,19,1000,1000
40.0,508.3816002155172,1.25,1.3445409592403317,1.25,1.3445409592403317,100.0,16,19,1000,1000
47.0,554.4181034482758,1.3,1.3787150099794958,1.3,1.3787150099794958,100.0,16,19,1000,1000
47.0,552.9330549568965,1.3,1.3787150099794958,1.3,1.3787150099794958,100.0,16,19,1000,1000
52.0,595.0094288793103,1.25,1.3445409592403317,1.25,1.3445409592403317,100.0,16,20,1000,1000
52.0,595.0094288793103,1.25,1.3445409592403317,1.25,1.3445409592403317,100.0,16,20,1000,1000
50.0,647.9761584051723,1.25,1.214161229859451,1.25,1.214161229859451,100.0,16,19,450,450
50.0,649.4612068965517,1.25,1.214161229859451,1.25,1.214161229859451,100.0,16,19,450,450
54.0,638.0758351293103,1.25,1.2386074291183662,1.25,1.2386074291183662,108.0,16,19,450,450
54.0,639.0658674568965,1.25,1.2386074291183662,1.25,1.2386074291183662,108.0,16,19,450,450
47.0,629.6605603448276,1.15,1.4152454674939052,1.15,1.4152454674939052,100.0,16,19,1000,1000
47.0,630.1555765086207,1.15,1.4152454674939052,1.15,1.4152454674939052,100.0,16,19,1000,1000
39.0,545.5078125,1.24,1.2421041344320658,1.25,1.3445409592403317,97.0,16,19,450,1000
39.0,544.5177801724137,1.24,1.2421041344320658,1.25,1.3445409592403317,97.0,16,19,450,1000
45.0,575.2087823275862,1.2,1.399845701638282,1.2,1.399845701638282,98.0,16,19,1000,1000
45.0,575.7037984913793,1.2,1.399845701638282,1.2,1.399845701638282,98.0,16,19,1000,1000
45.0,596.9894935344827,1.3,1.2280357739161627,1.3,1.2280357739161627,100.0,16,20,450,450
45.0,596.9894935344827,1.3,1.2280357739161627,1.3,1.2280357739161627,100.0,16,20,450,450
46.0,517.291891163793,1.2,1.4058686639784088,1.2,1.4058686639784088,115.0,16,18,1000,1000
46.0,517.291891163793,1.2,1.4058686639784088,1.2,1.4058686639784088,115.0,16,18,1000,1000
45.0,607.879849137931,1.3,1.2280357739161627,1.3,1.2280357739161627,95.0,16,20,450,450
45.0,605.4047683189655,1.3,1.2280357739161627,1.3,1.2280357739161627,95.0,16,20,450,450
50.0,575.2087823275862,1.25,1.393433357758162,1.25,1.393433357758162,98.0,16,20,1000,1000
50.0,575.2087823275862,1.25,1.393433357758162,1.25,1.393433357758162,98.0,16,20,1000,1000
52.0,615.3050915948276,1.3,1.2506376593256627,1.3,1.2506376593256627,105.0,16,15,450,450
52.0,615.8001077586207,1.3,1.2506376593256627,1.3,1.2506376593256627,105.0,16,15,450,450
50.0,576.1988146551724,1.25,1.393433357758162,1.25,1.393433357758162,98.0,16,19,1000,1000
50.0,575.7037984913793,1.25,1.393433357758162,1.25,1.393433357758162,98.0,16,19,1000,1000
45.0,630.6505926724137,1.3,1.160230117687663,1.3,1.160230117687663,97.0,16,19,350,350
45.0,629.6605603448276,1.3,1.160230117687663,1.3,1.160230117687663,97.0,16,19,350,350
56.0,667.2817887931034,1.25,1.399845701638282,1.3,1.207504819569365,97.0,16,19,1000,350
56.0,670.2518857758621,1.25,1.399845701638282,1.3,1.207504819569365,97.0,16,19,1000,350
56.0,623.7203663793103,1.25,1.399845701638282,1.3,1.207504819569365,100.0,16,19,1000,350
56.0,625.7004310344827,1.25,1.399845701638282,1.3,1.207504819569365,100.0,16,19,1000,350
50.0,607.3848329741379,1.24,1.2421041344320658,1.25,1.393433357758162,100.0,16,19,450,1000
50.0,609.3648976293103,1.24,1.2421041344320658,1.25,1.393433357758162,100.0,16,19,450,1000
51.0,612.8300107758621,1.24,1.2421041344320658,1.25,1.393433357758162,100.0,16,19,450,1000
51.0,611.8399784482758,1.24,1.2421041344320658,1.25,1.393433357758162,100.0,16,19,450,1000
58.0,637.5808189655172,1.25,1.399845701638282,1.25,1.399845701638282,97.0,16,19,1000,1000
58.0,636.590786637931,1.25,1.399845701638282,1.25,1.399845701638282,97.0,16,19,1000,1000
50.0,595.5044450431034,1.24,1.2421041344320658,1.25,1.393433357758162,100.0,16,19,450,1000
50.0,594.5144127155172,1.24,1.2421041344320658,1.25,1.393433357758162,100.0,16,19,450,1000
49.0,579.168911637931,1.25,1.4178795570170772,1.25,1.4178795570170772,100.0,16,19,1000,1000
49.0,577.6838631465517,1.25,1.4178795570170772,1.25,1.4178795570170772,100.0,16,19,1000,1000
48.0,637.0858028017241,1.25,1.214161229859451,1.25,1.214161229859451,100.0,16,19,450,450
48.0,638.5708512931034,1.25,1.214161229859451,1.25,1.214161229859451,100.0,16,19,450,450
45.0,631.640625,1.25,1.2386074291183662,1.25,1.2386074291183662,97.0,18,16,450,450
45.0,630.6505926724137,1.25,1.2386074291183662,1.25,1.2386074291183662,97.0,18,16,450,450
50.0,574.21875,1.25,1.3445409592403317,1.25,1.3445409592403317,98.0,18,20,1000,1000
50.0,572.7337015086207,1.25,1.3445409592403317,1.25,1.3445409592403317,98.0,18,20,1000,1000
40.0,526.202182112069,1.25,1.399845701638282,1.25,1.399845701638282,95.0,16,20,1000,1000
40.0,523.2320851293103,1.25,1.399845701638282,1.25,1.399845701638282,95.0,16,20,1000,1000
49.0,627.1854795258621,1.25,1.2386074291183662,1.25,1.2386074291183662,102.0,16,19,450,450
49.0,628.6705280172414,1.25,1.2386074291183662,1.25,1.2386074291183662,102.0,16,19,450,450
45.0,617.28515625,1.25,1.2386074291183662,1.25,1.2386074291183662,100.0,16,19,450,450
45.0,619.7602370689655,1.25,1.2386074291183662,1.25,1.2386074291183662,100.0,16,19,450,450
49.0,606.3948006465517,1.2,1.4058686639784088,1.2,1.4058686639784088,100.0,16,19,1000,1000
49.0,607.3848329741379,1.2,1.4058686639784088,1.2,1.4058686639784088,100.0,16,19,1000,1000
55.0,685.1023706896551,1.25,1.2223099629457561,1.25,1.2223099629457561,100.0,16,19,350,350
55.0,687.0824353448276,1.25,1.2223099629457561,1.25,1.2223099629457561,100.0,16,19,350,350
50.0,633.6206896551723,1.3,1.207504819569365,1.3,1.207504819569365,97.0,18,17,350,350
50.0,635.1057381465517,1.3,1.207504819569365,1.3,1.207504819569365,97.0,18,17,350,350
52.0,642.0359644396551,1.25,1.214161229859451,1.25,1.214161229859451,107.0,16,19,450,450
52.0,645.5010775862069,1.25,1.214161229859451,1.25,1.214161229859451,107.0,16,19,450,450
50.0,595.0094288793103,1.24,1.2421041344320658,1.24,1.2421041344320658,118.0,18,19,450,450
50.0,595.5044450431034,1.24,1.2421041344320658,1.24,1.2421041344320658,118.0,18,19,450,450
46.0,567.2885237068965,1.2,1.4058686639784088,1.2,1.4058686639784088,105.0,16,19,1000,1000
46.0,565.8034752155172,1.2,1.4058686639784088,1.2,1.4058686639784088,105.0,16,19,1000,1000
55.0,687.5774515086207,1.3,1.207504819569365,1.3,1.207504819569365,98.0,16,19,350,350
55.0,689.0625,1.3,1.207504819569365,1.3,1.207504819569365,98.0,16,19,350,350
52.0,583.1290409482758,1.25,1.393433357758162,1.25,1.393433357758162,100.0,16,19,1000,1000
52.0,582.6340247844827,1.25,1.393433357758162,1.25,1.393433357758162,100.0,16,19,1000,1000
52.0,629.1655441810344,1.3,1.2506376593256627,1.3,1.2506376593256627,100.0,16,19,450,450
52.0,628.1755118534483,1.3,1.2506376593256627,1.3,1.2506376593256627,100.0,16,19,450,450
52.0,633.1256734913793,1.3,1.2506376593256627,1.3,1.2506376593256627,100.0,16,19,450,450
52.0,634.6107219827586,1.3,1.2506376593256627,1.3,1.2506376593256627,100.0,16,19,450,450
50.0,629.6605603448276,1.3,1.2506376593256627,1.3,1.2506376593256627,100.0,18,16,450,450
50.0,630.1555765086207,1.3,1.2506376593256627,1.3,1.2506376593256627,100.0,18,16,450,450
50.0,621.2452855603448,1.3,1.2506376593256627,1.3,1.2506376593256627,100.0,18,16,450,450
50.0,622.235317887931,1.3,1.2506376593256627,1.3,1.2506376593256627,100.0,18,16,450,450
45.0,599.9595905172414,1.3,1.160230117687663,1.3,1.160230117687663,103.0,16,19,350,350
45.0,602.9296875,1.3,1.160230117687663,1.3,1.160230117687663,103.0,16,19,350,350
45.0,609.3648976293103,1.24,1.2421041344320658,1.24,1.2421041344320658,98.0,16,19,450,450
45.0,610.3549299568965,1.24,1.2421041344320658,1.24,1.2421041344320658,98.0,16,19,450,450
52.0,659.5,1.24,1.2421041344320658,1.24,1.2421041344320658,100.0,16,19,450,450
52.0,659.5,1.24,1.2421041344320658,1.24,1.2421041344320658,100.0,16,19,450,450
50.0,652.0,1.24,1.2421041344320658,1.24,1.2421041344320658,98.0,18,20,450,450
50.0,656.0,1.24,1.2421041344320658,1.24,1.2421041344320658,98.0,18,20,450,450
50.0,613.5,1.24,1.2421041344320658,1.25,1.3445409592403317,98.0,18,20,450,1000
50.0,614.0,1.24,1.2421041344320658,1.25,1.3445409592403317,98.0,18,20,450,1000
50.0,664.0,1.25,1.2223099629457561,1.25,1.2223099629457561,102.0,16,19,350,350
50.0,665.5,1.25,1.2223099629457561,1.25,1.2223099629457561,102.0,16,19,350,350
47.0,599.5,1.24,1.2421041344320658,1.24,1.2421041344320658,115.0,16,19,450,450
47.0,598.0,1.24,1.2421041344320658,1.24,1.2421041344320658,115.0,16,19,450,450
45.0,600.0,1.24,1.2421041344320658,1.24,1.2421041344320658,98.0,16,19,450,450
45.0,600.0,1.24,1.2421041344320658,1.24,1.2421041344320658,98.0,16,19,450,450
45.0,539.5,1.25,1.3445409592403317,1.25,1.3445409592403317,100.0,16,19,1000,1000
45.0,537.5,1.25,1.3445409592403317,1.25,1.3445409592403317,100.0,16,19,1000,1000
60.0,733.0,1.3,1.160230117687663,1.3,1.160230117687663,97.0,16,19,350,350
60.0,733.5,1.3,1.160230117687663,1.3,1.160230117687663,97.0,16,19,350,350
45.0,617.5,1.25,1.214161229859451,1.25,1.214161229859451,100.0,16,19,450,450
45.0,617.5,1.25,1.214161229859451,1.25,1.214161229859451,100.0,16,19,450,450
57.0,667.0,1.15,1.4152454674939052,1.15,1.4152454674939052,100.0,18,16,1000,1000
57.0,667.0,1.15,1.4152454674939052,1.15,1.4152454674939052,100.0,18,16,1000,1000
50.0,603.0,1.3,1.160230117687663,1.3,1.160230117687663,115.0,16,19,350,350
50.0,603.0,1.3,1.160230117687663,1.3,1.160230117687663,115.0,16,19,350,350
50.0,583.5,1.3,1.207504819569365,1.3,1.207504819569365,113.0,16,19,350,350
50.0,584.0,1.3,1.207504819569365,1.3,1.207504819569365,113.0,16,19,350,350
53.0,602.0,1.25,1.399845701638282,1.25,1.399845701638282,97.0,18,17,1000,1000
53.0,604.5,1.25,1.399845701638282,1.25,1.399845701638282,97.0,18,17,1000,1000
52.0,592.0,1.25,1.399845701638282,1.3,1.207504819569365,107.0,16,18,1000,350
52.0,593.0,1.25,1.399845701638282,1.3,1.207504819569365,107.0,16,18,1000,350
40.0,506.0,1.25,1.399845701638282,1.25,1.399845701638282,100.0,16,18,1000,1000
40.0,508.0,1.25,1.399845701638282,1.25,1.399845701638282,100.0,16,18,1000,1000
47.0,615.0,1.24,1.2421041344320658,1.24,1.2421041344320658,110.0,16,19,450,450
47.0,609.5,1.24,1.2421041344320658,1.24,1.2421041344320658,110.0,16,19,450,450
58.0,675.0,1.31,1.2241974528366752,1.31,1.2241974528366752,104.0,18,19,350,350
58.0,674.5,1.31,1.2241974528366752,1.31,1.2241974528366752,104.0,18,19,350,350
48.0,607.0,1.25,1.3282434930677216,1.25,1.3282434930677216,100.0,16,19,650,650
48.0,607.0,1.25,1.3282434930677216,1.25,1.3282434930677216,100.0,16,19,650,650
53.5,726.0,1.22,1.2232817448073654,1.22,1.2232817448073654,98.0,16,19,350,350
53.5,724.5,1.22,1.2232817448073654,1.22,1.2232817448073654,98.0,16,19,350,350
52.0,591.5,1.25,1.3771358915855518,1.25,1.3771358915855518,98.0,16,19,1000,1000
52.0,591.0,1.25,1.3771358915855518,1.25,1.3771358915855518,98.0,16,19,1000,1000
52.0,592.0,1.25,1.3771358915855518,1.25,1.3771358915855518,98.0,16,19,1000,1000
52.0,584.5,1.25,1.3771358915855518,1.25,1.3771358915855518,98.0,16,19,1000,1000
53.0,625.5,1.3,1.2506376593256627,1.3,1.2506376593256627,100.0,16,18,450,450
53.0,626.5,1.3,1.2506376593256627,1.3,1.2506376593256627,100.0,16,18,450,450
50.0,623.5,1.3,1.207504819569365,1.3,1.207504819569365,100.0,16,19,350,350
50.0,625.5,1.3,1.207504819569365,1.3,1.207504819569365,100.0,16,19,350,350
60.0,706.0,1.31,1.2241974528366752,1.31,1.2241974528366752,100.0,16,19,350,350
60.0,709.5,1.31,1.2241974528366752,1.31,1.2241974528366752,100.0,16,19,350,350
46.0,546.5,1.3,1.3787150099794958,1.3,1.3787150099794958,100.0,16,19,1000,1000
46.0,546.0,1.3,1.3787150099794958,1.3,1.3787150099794958,100.0,16,19,1000,1000
43.0,611.5,1.25,1.214161229859451,1.25,1.214161229859451,100.0,16,20,450,450
43.0,611.5,1.25,1.214161229859451,1.25,1.214161229859451,100.0,16,20,450,450
43.0,628.5,1.25,1.2223099629457561,1.25,1.2223099629457561,100.0,16,20,350,350
43.0,630.0,1.25,1.2223099629457561,1.25,1.2223099629457561,100.0,16,20,350,350
43.0,582.5,1.15,1.4152454674939052,1.15,1.4152454674939052,100.0,16,19,1000,1000
43.0,582.5,1.15,1.4152454674939052,1.15,1.4152454674939052,100.0,16,19,1000,1000
47.0,559.0,1.25,1.3771358915855518,1.25,1.3771358915855518,105.0,16,15,1000,1000
47.0,561.5,1.25,1.3771358915855518,1.25,1.3771358915855518,105.0,16,15,1000,1000
48.0,580.0,1.25,1.3771358915855518,1.25,1.3771358915855518,93.0,16,18,1000,1000
48.0,579.5,1.25,1.3771358915855518,1.25,1.3771358915855518,93.0,16,18,1000,1000
47.0,633.5,1.25,1.2386074291183662,1.25,1.2386074291183662,100.0,16,19,450,450
47.0,634.0,1.25,1.2386074291183662,1.25,1.2386074291183662,100.0,16,19,450,450
48.0,633.0,1.24,1.2421041344320658,1.24,1.2421041344320658,98.0,16,19,450,450
48.0,634.0,1.24,1.2421041344320658,1.24,1.2421041344320658,98.0,16,19,450,450
55.0,662.0,1.3,1.207504819569365,1.3,1.207504819569365,100.0,16,19,350,350
55.0,663.5,1.3,1.207504819569365,1.3,1.207504819569365,100.0,16,19,350,350
48.0,580.0,1.25,1.399845701638282,1.25,1.399845701638282,98.0,16,19,1000,1000
48.0,580.5,1.25,1.399845701638282,1.25,1.399845701638282,98.0,16,19,1000,1000
55.0,668.5,1.3,1.160230117687663,1.3,1.160230117687663,100.0,16,19,350,350
55.0,668.5,1.3,1.160230117687663,1.3,1.160230117687663,100.0,16,19,350,350
53.0,676.0,1.3,1.160230117687663,1.3,1.160230117687663,97.0,16,20,350,350
53.0,673.0,1.3,1.160230117687663,1.3,1.160230117687663,97.0,16,20,350,350
52.0,651.5,1.3,1.160230117687663,1.3,1.160230117687663,100.0,16,19,350,350
52.0,653.0,1.3,1.160230117687663,1.3,1.160230117687663,100.0,16,19,350,350
54.0,668.0,1.3,1.160230117687663,1.3,1.160230117687663,105.0,16,19,350,350
54.0,667.5,1.3,1.160230117687663,1.3,1.160230117687663,105.0,16,19,350,350
48.0,642.5,1.3,1.160230117687663,1.3,1.160230117687663,100.0,16,20,350,350
48.0,643.5,1.3,1.160230117687663,1.3,1.160230117687663,100.0,16,20,350,350
54.0,676.5,1.25,1.2386074291183662,1.25,1.2386074291183662,100.0,16,19,450,450
54.0,677.0,1.25,1.2386074291183662,1.25,1.2386074291183662,100.0,16,19,450,450
55.0,694.5,1.3,1.207504819569365,1.3,1.207504819569365,98.0,16,19,350,350
55.0,692.0,1.3,1.207504819569365,1.3,1.207504819569365,98.0,16,19,350,350
45.0,637.0,1.25,1.214161229859451,1.25,1.214161229859451,98.0,16,19,450,450
45.0,639.0,1.25,1.214161229859451,1.25,1.214161229859451,98.0,16,19,450,450
45.0,636.0,1.25,1.214161229859451,1.25,1.214161229859451,100.0,16,20,450,450
45.0,632.5,1.25,1.214161229859451,1.25,1.214161229859451,100.0,16,20,450,450
52.0,572.0,1.3,1.3787150099794958,1.3,1.3787150099794958,100.0,16,19,1000,1000
52.0,573.0,1.3,1.3787150099794958,1.3,1.3787150099794958,100.0,16,19,1000,1000
47.0,628.5,1.24,1.2421041344320658,1.24,1.2421041344320658,100.0,16,19,450,450
47.0,626.5,1.24,1.2421041344320658,1.24,1.2421041344320658,100.0,16,19,450,450
49.0,644.5,1.25,1.2386074291183662,1.25,1.2386074291183662,102.0,16,19,450,450
49.0,647.5,1.25,1.2386074291183662,1.25,1.2386074291183662,102.0,16,19,450,450
45.0,636.5,1.1,1.4100338759877007,1.1,1.4100338759877007,98.0,16,19,1000,1000
45.0,629.5,1.1,1.4100338759877007,1.1,1.4100338759877007,98.0,16,19,1000,1000
50.0,603.0,1.24,1.2421041344320658,1.25,1.393433357758162,100.0,16,19,450,1000
50.0,604.0,1.24,1.2421041344320658,1.25,1.393433357758162,100.0,16,19,450,1000
50.0,652.5,1.25,1.214161229859451,1.25,1.214161229859451,100.0,16,19,450,450
50.0,652.0,1.25,1.214161229859451,1.25,1.214161229859451,100.0,16,19,450,450
45.0,618.0,1.25,1.2223099629457561,1.25,1.2223099629457561,100.0,16,18,350,350
45.0,616.5,1.25,1.2223099629457561,1.25,1.2223099629457561,100.0,16,18,350,350
40.0,510.5,1.25,1.3445409592403317,1.25,1.3445409592403317,100.0,16,19,1000,1000
40.0,512.0,1.25,1.3445409592403317,1.25,1.3445409592403317,100.0,16,19,1000,1000
52.0,663.0,1.3,1.160230117687663,1.3,1.160230117687663,100.0,16,19,350,350
52.0,663.5,1.3,1.160230117687663,1.3,1.160230117687663,100.0,16,19,350,350
55.0,691.0,1.25,1.2223099629457561,1.25,1.2223099629457561,100.0,16,19,350,350
55.0,690.5,1.25,1.2223099629457561,1.25,1.2223099629457561,100.0,16,19,350,350
50.0,581.5,1.25,1.4178795570170772,1.25,1.4178795570170772,100.0,16,19,1000,1000
50.0,582.5,1.25,1.4178795570170772,1.25,1.4178795570170772,100.0,16,19,1000,1000
58.0,627.5,1.3,1.399845701638282,1.3,1.399845701638282,100.0,16,19,1000,1000
58.0,630.0,1.3,1.399845701638282,1.3,1.399845701638282,100.0,16,19,1000,1000
45.0,543.5,1.3,1.399845701638282,1.3,1.399845701638282,100.0,16,19,1000,1000
45.0,544.5,1.3,1.399845701638282,1.3,1.399845701638282,100.0,16,19,1000,1000
55.0,610.0,1.3,1.399845701638282,1.3,1.399845701638282,100.0,16,19,1000,1000
55.0,604.5,1.3,1.399845701638282,1.3,1.399845701638282,100.0,16,19,1000,1000
42.0,599.0,1.25,1.214161229859451,1.25,1.214161229859451,102.0,16,19,450,450
42.0,600.5,1.25,1.214161229859451,1.25,1.214161229859451,102.0,16,19,450,450
49.5,660.0,1.24,1.2421041344320658,1.24,1.2421041344320658,95.0,16,18,450,450
49.5,661.5,1.24,1.2421041344320658,1.24,1.2421041344320658,95.0,16,18,450,450
55.0,596.5,1.25,1.3771358915855518,1.25,1.3771358915855518,100.0,16,19,1000,1000
55.0,595.0,1.25,1.3771358915855518,1.25,1.3771358915855518,100.0,16,19,1000,1000
55.0,628.0,1.25,1.3771358915855518,1.25,1.3771358915855518,93.0,16,21,1000,1000
55.0,629.0,1.25,1.3771358915855518,1.25,1.3771358915855518,93.0,16,21,1000,1000
46.0,616.0,1.3,1.2581716211288294,1.2,1.4058686639784088,98.0,16,19,450,1000
46.0,612.0,1.3,1.2581716211288294,1.2,1.4058686639784088,98.0,16,19,450,1000
45.0,546.5,1.25,1.2874998276361966,1.25,1.2874998276361966,98.0,16,20,1000,1000
45.0,546.0,1.25,1.2874998276361966,1.25,1.2874998276361966,98.0,16,20,1000,1000
48.0,628.5,1.24,1.2421041344320658,1.24,1.2421041344320658,100.0,16,19,450,450
48.0,628.5,1.24,1.2421041344320658,1.24,1.2421041344320658,100.0,16,19,450,450
45.0,637.0,1.25,1.2386074291183662,1.25,1.2386074291183662,97.0,18,16,450,450
45.0,635.5,1.25,1.2386074291183662,1.25,1.2386074291183662,97.0,18,16,450,450
58.0,590.0,1.3,1.3787150099794958,1.3,1.3787150099794958,100.0,16,19,1000,1000
58.0,592.0,1.3,1.3787150099794958,1.3,1.3787150099794958,100.0,16,19,1000,1000
52.0,590.0,1.25,1.3771358915855518,1.25,1.3771358915855518,98.0,16,19,1000,1000
52.0,589.5,1.25,1.3771358915855518,1.25,1.3771358915855518,98.0,16,19,1000,1000
49.0,633.0,1.25,1.2386074291183662,1.25,1.2386074291183662,102.0,16,19,450,450
49.0,632.0,1.25,1.2386074291183662,1.25,1.2386074291183662,102.0,16,19,450,450
55.0,685.0,1.3,1.207504819569365,1.3,1.207504819569365,98.0,16,19,350,350
55.0,686.0,1.3,1.207504819569365,1.3,1.207504819569365,98.0,16,19,350,350
43.0,557.0,1.2,1.4147106052612919,1.2,1.4147106052612919,100.0,16,19,1000,1000
43.0,557.0,1.2,1.4147106052612919,1.2,1.4147106052612919,100.0,16,19,1000,1000
47.0,630.0,1.25,1.2386074291183662,1.25,1.2386074291183662,100.0,16,19,450,450
47.0,629.5,1.25,1.2386074291183662,1.25,1.2386074291183662,100.0,16,19,450,450
42.0,572.5,1.2,1.399845701638282,1.25,1.3282434930677216,100.0,16,19,1000,650
42.0,574.0,1.2,1.399845701638282,1.25,1.3282434930677216,100.0,16,19,1000,650
54.0,651.0,1.25,1.2386074291183662,1.25,1.2386074291183662,108.0,16,19,450,450
54.0,651.0,1.25,1.2386074291183662,1.25,1.2386074291183662,108.0,16,19,450,450
50.0,580.5,1.25,1.393433357758162,1.25,1.393433357758162,100.0,16,19,1000,1000
50.0,583.0,1.25,1.393433357758162,1.25,1.393433357758162,100.0,16,19,1000,1000
45.0,576.5,1.24,1.2421041344320658,1.24,1.2421041344320658,110.0,16,18,450,450
45.0,578.0,1.24,1.2421041344320658,1.24,1.2421041344320658,110.0,16,18,450,450
48.0,625.0,1.24,1.2421041344320658,1.24,1.2421041344320658,100.0,16,19,450,450
48.0,627.5,1.24,1.2421041344320658,1.24,1.2421041344320658,100.0,16,19,450,450
54.0,600.5,1.25,1.3445409592403317,1.25,1.3445409592403317,97.0,16,19,1000,1000
54.0,601.0,1.25,1.3445409592403317,1.25,1.3445409592403317,97.0,16,19,1000,1000
54.0,659.0,1.15,1.4152454674939052,1.15,1.4152454674939052,98.0,16,19,1000,1000
54.0,660.5,1.15,1.4152454674939052,1.15,1.4152454674939052,98.0,16,19,1000,1000
50.0,639.5,1.24,1.2421041344320658,1.24,1.2421041344320658,98.0,16,19,450,450
50.0,640.0,1.24,1.2421041344320658,1.24,1.2421041344320658,98.0,16,19,450,450
40.0,506.5,1.25,1.3445409592403317,1.25,1.3445409592403317,100.0,16,19,1000,1000
40.0,506.0,1.25,1.3445409592403317,1.25,1.3445409592403317,100.0,16,19,1000,1000
48.0,528.0,1.3,1.4013168953889956,1.3,1.4013168953889956,100.0,16,19,1000,1000
48.0,527.0,1.3,1.4013168953889956,1.3,1.4013168953889956,100.0,16,19,1000,1000
49.0,584.0,1.25,1.399845701638282,1.25,1.399845701638282,95.0,16,19,1000,1000
49.0,581.5,1.25,1.399845701638282,1.25,1.399845701638282,95.0,16,19,1000,1000
51.0,580.5,1.3,1.3787150099794958,1.3,1.3787150099794958,98.0,16,19,1000,1000
51.0,578.0,1.3,1.3787150099794958,1.3,1.3787150099794958,98.0,16,19,1000,1000
47.0,635.5,1.31,1.2241974528366752,1.31,1.2241974528366752,100.0,16,19,350,350
47.0,636.0,1.31,1.2241974528366752,1.31,1.2241974528366752,100.0,16,19,350,350
48.0,631.5,1.3,1.160230117687663,1.3,1.160230117687663,100.0,14,16,350,350
48.0,631.5,1.3,1.160230117687663,1.3,1.160230117687663,100.0,14,16,350,350
51.0,626.0,1.3,1.160230117687663,1.3,1.160230117687663,105.0,14,16,350,350
51.0,626.0,1.3,1.160230117687663,1.3,1.160230117687663,105.0,14,16,350,350
48.0,635.0,1.25,1.214161229859451,1.25,1.214161229859451,98.0,18,16,450,450
48.0,634.0,1.25,1.214161229859451,1.25,1.214161229859451,98.0,18,16,450,450
40.0,571.0,1.15,1.4152454674939052,1.15,1.4152454674939052,93.0,18,20,1000,1000
40.0,583.0,1.15,1.4152454674939052,1.15,1.4152454674939052,93.0,18,20,1000,1000
46.0,567.5,1.25,1.2386074291183662,1.25,1.2386074291183662,115.0,14,16,450,450
46.0,569.5,1.25,1.2386074291183662,1.25,1.2386074291183662,115.0,14,16,450,450
48.0,624.5,1.24,1.2421041344320658,1.24,1.2421041344320658,100.0,16,19,450,450
48.0,625.0,1.24,1.2421041344320658,1.24,1.2421041344320658,100.0,16,19,450,450
45.0,554.5,1.25,1.4178795570170772,1.25,1.4178795570170772,100.0,16,19,1000,1000
45.0,553.5,1.25,1.4178795570170772,1.25,1.4178795570170772,100.0,16,19,1000,1000
48.0,619.5,1.15,1.4152454674939052,1.15,1.4152454674939052,100.0,16,19,1000,1000
48.0,619.0,1.15,1.4152454674939052,1.15,1.4152454674939052,100.0,16,19,1000,1000
52.0,594.0,1.25,1.3771358915855518,1.25,1.3771358915855518,98.0,16,19,1000,1000
52.0,592.5,1.25,1.3771358915855518,1.25,1.3771358915855518,98.0,16,19,1000,1000
52.0,600.0,1.25,1.3771358915855518,1.25,1.3771358915855518,98.0,16,19,1000,1000
52.0,600.5,1.25,1.3771358915855518,1.25,1.3771358915855518,98.0,16,19,1000,1000
45.0,536.0,1.25,1.4178795570170772,1.25,1.4178795570170772,100.0,16,19,1000,1000
45.0,536.5,1.25,1.4178795570170772,1.25,1.4178795570170772,100.0,16,19,1000,1000
45.0,537.5,1.25,1.4178795570170772,1.25,1.4178795570170772,100.0,16,19,1000,1000
45.0,536.5,1.25,1.4178795570170772,1.25,1.4178795570170772,100.0,16,19,1000,1000
50.0,638.5,1.25,1.2874998276361966,1.31,1.2241974528366752,98.0,16,19,1000,350
50.0,636.0,1.25,1.2874998276361966,1.31,1.2241974528366752,98.0,16,19,1000,350
54.0,638.0,1.2,1.4058686639784088,1.2,1.4058686639784088,100.0,16,19,1000,1000
54.0,638.5,1.2,1.4058686639784088,1.2,1.4058686639784088,100.0,16,19,1000,1000
56.0,677.0,1.25,1.399845701638282,1.3,1.207504819569365,97.0,16,19,1000,350
56.0,675.0,1.25,1.399845701638282,1.3,1.207504819569365,97.0,16,19,1000,350
46.0,598.0,1.3,1.2355697357193294,1.3,1.2355697357193294,100.0,16,19,450,450
46.0,597.0,1.3,1.2355697357193294,1.3,1.2355697357193294,100.0,16,19,450,450
40.0,517.5,1.25,1.393433357758162,1.25,1.393433357758162,100.0,16,19,1000,1000
40.0,519.0,1.25,1.393433357758162,1.25,1.393433357758162,100.0,16,19,1000,1000
48.0,624.5,1.24,1.2421041344320658,1.24,1.2421041344320658,98.0,16,19,450,450
48.0,625.5,1.24,1.2421041344320658,1.24,1.2421041344320658,98.0,16,19,450,450
50.0,640.0,1.24,1.2421041344320658,1.24,1.2421041344320658,98.0,16,19,450,450
50.0,642.5,1.24,1.2421041344320658,1.24,1.2421041344320658,98.0,16,19,450,450
52.0,593.5,1.25,1.399845701638282,1.25,1.399845701638282,100.0,16,19,1000,1000
52.0,593.5,1.25,1.399845701638282,1.25,1.399845701638282,100.0,16,19,1000,1000
55.0,715.5,1.25,1.2223099629457561,1.25,1.2223099629457561,98.0,16,19,350,350
55.0,715.5,1.25,1.2223099629457561,1.25,1.2223099629457561,98.0,16,19,350,350
45.0,546.0,1.25,1.3771358915855518,1.25,1.3771358915855518,100.0,16,19,1000,1000
45.0,544.0,1.25,1.3771358915855518,1.25,1.3771358915855518,100.0,16,19,1000,1000
52.0,661.5,1.3,1.160230117687663,1.3,1.160230117687663,100.0,16,19,350,350
52.0,662.0,1.3,1.160230117687663,1.3,1.160230117687663,100.0,16,19,350,350
40.0,516.0,1.25,1.3445409592403317,1.25,1.3445409592403317,100.0,16,19,1000,1000
40.0,514.0,1.25,1.3445409592403317,1.25,1.3445409592403317,100.0,16,19,1000,1000
50.0,610.5,1.24,1.2421041344320658,1.25,1.393433357758162,100.0,16,19,450,1000
50.0,609.0,1.24,1.2421041344320658,1.25,1.393433357758162,100.0,16,19,450,1000
48.0,544.0,1.25,1.3771358915855518,1.25,1.3771358915855518,100.0,16,19,1000,1000
48.0,543.0,1.25,1.3771358915855518,1.25,1.3771358915855518,100.0,16,19,1000,1000
46.0,628.5,1.25,1.214161229859451,1.25,1.214161229859451,103.0,16,18,450,450
46.0,628.0,1.25,1.214161229859451,1.25,1.214161229859451,103.0,16,18,450,450
55.0,689.0,1.25,1.2223099629457561,1.25,1.2223099629457561,100.0,16,19,350,350
55.0,689.5,1.25,1.2223099629457561,1.25,1.2223099629457561,100.0,16,19,350,350
41.0,562.5,1.24,1.2421041344320658,1.25,1.3445409592403317,97.0,16,19,450,1000
41.0,565.5,1.24,1.2421041344320658,1.25,1.3445409592403317,97.0,16,19,450,1000
48.0,646.0,1.25,1.2223099629457561,1.25,1.2223099629457561,100.0,16,19,350,350
48.0,647.0,1.25,1.2223099629457561,1.25,1.2223099629457561,100.0,16,19,350,350
55.0,691.0,1.25,1.2223099629457561,1.31,1.2241974528366752,100.0,16,19,350,350
55.0,691.5,1.25,1.2223099629457561,1.31,1.2241974528366752,100.0,16,19,350,350
53.0,589.5,1.25,1.3445409592403317,1.25,1.3445409592403317,100.0,16,20,1000,1000
53.0,590.5,1.25,1.3445409592403317,1.25,1.3445409592403317,100.0,16,20,1000,1000
50.0,639.5,1.3,1.160230117687663,1.3,1.160230117687663,100.0,18,16,350,350
50.0,640.0,1.3,1.160230117687663,1.3,1.160230117687663,100.0,18,16,350,350
48.0,634.5,1.3,1.160230117687663,1.3,1.160230117687663,100.0,16,19,350,350
48.0,634.0,1.3,1.160230117687663,1.3,1.160230117687663,100.0,16,19,350,350
40.0,584.0,1.31,1.2241974528366752,1.31,1.2241974528366752,98.0,16,19,350,350
40.0,583.0,1.31,1.2241974528366752,1.31,1.2241974528366752,98.0,16,19,350,350
50.0,640.0,1.24,1.2421041344320658,1.24,1.2421041344320658,100.0,16,19,450,450
50.0,637.5,1.24,1.2421041344320658,1.24,1.2421041344320658,100.0,16,19,450,450
50.0,633.5,1.25,1.214161229859451,1.25,1.214161229859451,107.0,16,19,450,450
50.0,632.0,1.25,1.214161229859451,1.25,1.214161229859451,107.0,16,19,450,450
48.0,641.5,1.25,1.214161229859451,1.25,1.214161229859451,100.0,16,19,450,450
48.0,643.0,1.25,1.214161229859451,1.25,1.214161229859451,100.0,16,19,450,450
49.0,639.5,1.25,1.2386074291183662,1.25,1.2386074291183662,102.0,16,19,450,450
49.0,637.5,1.25,1.2386074291183662,1.25,1.2386074291183662,102.0,16,19,450,450
46.0,598.0,1.15,1.4152454674939052,1.15,1.4152454674939052,100.0,16,19,1000,1000
46.0,598.5,1.15,1.4152454674939052,1.15,1.4152454674939052,100.0,16,19,1000,1000
52.0,608.0,1.25,1.3771358915855518,1.25,1.3771358915855518,97.0,18,16,1000,1000
52.0,609.5,1.25,1.3771358915855518,1.25,1.3771358915855518,97.0,18,16,1000,1000
52.0,594.5,1.25,1.3771358915855518,1.25,1.3771358915855518,98.0,16,19,1000,1000
52.0,594.5,1.25,1.3771358915855518,1.25,1.3771358915855518,98.0,16,19,1000,1000
40.0,506.0,1.25,1.3445409592403317,1.25,1.3445409592403317,100.0,16,19,1000,1000
40.0,505.5,1.25,1.3445409592403317,1.25,1.3445409592403317,100.0,16,19,1000,1000
45.0,628.0,1.25,1.2386074291183662,1.25,1.2386074291183662,100.0,16,19,450,450
45.0,628.5,1.25,1.2386074291183662,1.25,1.2386074291183662,100.0,16,19,450,450
48.0,646.0,1.25,1.2386074291183662,1.25,1.2386074291183662,100.0,16,19,450,450
48.0,646.5,1.25,1.2386074291183662,1.25,1.2386074291183662,100.0,16,19,450,450
45.0,636.0,1.25,1.2386074291183662,1.25,1.2386074291183662,100.0,16,19,450,450
45.0,636.0,1.25,1.2386074291183662,1.25,1.2386074291183662,100.0,16,19,450,450
50.0,595.5,1.24,1.2421041344320658,1.25,1.393433357758162,98.0,16,19,450,1000
50.0,595.0,1.24,1.2421041344320658,1.25,1.393433357758162,98.0,16,19,450,1000
55.0,689.5,1.3,1.160230117687663,1.3,1.160230117687663,100.0,16,19,350,350
55.0,690.5,1.3,1.160230117687663,1.3,1.160230117687663,100.0,16,19,350,350
49.0,645.0,1.25,1.2386074291183662,1.25,1.2386074291183662,102.0,16,19,450,450
49.0,645.5,1.25,1.2386074291183662,1.25,1.2386074291183662,102.0,16,19,450,450
50.0,671.5,1.25,1.2386074291183662,1.25,1.2386074291183662,98.0,16,19,450,450
50.0,671.5,1.25,1.2386074291183662,1.25,1.2386074291183662,98.0,16,19,450,450
45.0,545.5,1.25,1.2874998276361966,1.25,1.2874998276361966,100.0,16,19,1000,1000
45.0,547.0,1.25,1.2874998276361966,1.25,1.2874998276361966,100.0,16,19,1000,1000
45.0,558.0,1.25,1.2874998276361966,1.25,1.2874998276361966,98.0,16,20,1000,1000
45.0,557.5,1.25,1.2874998276361966,1.25,1.2874998276361966,98.0,16,20,1000,1000
42.0,580.5,1.15,1.4152454674939052,1.15,1.4152454674939052,100.0,16,19,1000,1000
42.0,579.5,1.15,1.4152454674939052,1.15,1.4152454674939052,100.0,16,19,1000,1000
58.0,586.0,1.3,1.3787150099794958,1.3,1.3787150099794958,100.0,16,19,1000,1000
58.0,586.0,1.3,1.3787150099794958,1.3,1.3787150099794958,100.0,16,19,1000,1000
50.0,678.0,1.24,1.2371973871478235,1.24,1.2371973871478235,97.0,16,19,450,450
50.0,681.0,1.24,1.2371973871478235,1.24,1.2371973871478235,97.0,16,19,450,450
40.0,511.0,1.25,1.3445409592403317,1.25,1.3445409592403317,100.0,16,19,1000,1000
40.0,510.0,1.25,1.3445409592403317,1.25,1.3445409592403317,100.0,16,19,1000,1000
41.0,583.0,1.25,1.214161229859451,1.25,1.214161229859451,100.0,16,18,450,450
41.0,586.0,1.25,1.214161229859451,1.25,1.214161229859451,100.0,16,18,450,450
46.0,627.5,1.25,1.214161229859451,1.25,1.214161229859451,100.0,16,19,450,450
46.0,627.0,1.25,1.214161229859451,1.25,1.214161229859451,100.0,16,19,450,450
55.0,637.5,1.25,1.214161229859451,1.25,1.214161229859451,110.0,16,19,450,450
55.0,637.5,1.25,1.214161229859451,1.25,1.214161229859451,110.0,16,19,450,450
44.0,605.5,1.3,1.2581716211288294,1.2,1.4058686639784088,98.0,16,19,450,1000
44.0,608.0,1.3,1.2581716211288294,1.2,1.4058686639784088,98.0,16,19,450,1000
45.0,547.0,1.25,1.3771358915855518,1.25,1.3771358915855518,100.0,16,19,1000,1000
45.0,546.5,1.25,1.3771358915855518,1.25,1.3771358915855518,100.0,16,19,1000,1000
37.0,521.0,1.3,1.2506376593256627,1.3,1.2506376593256627,100.0,16,19,450,450
37.0,519.5,1.3,1.2506376593256627,1.3,1.2506376593256627,100.0,16,19,450,450
53.0,639.5,1.24,1.2421041344320658,1.24,1.2421041344320658,100.0,14,16,450,450
53.0,638.5,1.24,1.2421041344320658,1.24,1.2421041344320658,100.0,14,16,450,450
45.0,578.5,1.2,1.4058686639784088,1.2,1.4058686639784088,100.0,16,19,1000,1000
45.0,579.5,1.2,1.4058686639784088,1.2,1.4058686639784088,100.0,16,19,1000,1000
50.0,607.5,1.3,1.160230117687663,1.3,1.160230117687663,110.0,18,16,350,350
50.0,608.5,1.3,1.160230117687663,1.3,1.160230117687663,110.0,18,16,350,350
53.0,635.5,1.3,1.160230117687663,1.3,1.160230117687663,110.0,18,16,350,350
53.0,633.5,1.3,1.160230117687663,1.3,1.160230117687663,110.0,18,16,350,350
50.0,646.0,1.24,1.2421041344320658,1.24,1.2421041344320658,98.0,16,19,450,450
50.0,644.0,1.24,1.2421041344320658,1.24,1.2421041344320658,98.0,16,19,450,450
55.0,613.0,1.25,1.3771358915855518,1.25,1.3771358915855518,100.0,16,19,1000,1000
55.0,614.5,1.25,1.3771358915855518,1.25,1.3771358915855518,100.0,16,19,1000,1000
50.0,643.0,1.24,1.2421041344320658,1.24,1.2421041344320658,98.0,16,19,450,450
50.0,642.0,1.24,1.2421041344320658,1.24,1.2421041344320658,98.0,16,19,450,450
50.0,641.0,1.3,1.160230117687663,1.3,1.160230117687663,100.0,16,19,350,350
50.0,639.0,1.3,1.160230117687663,1.3,1.160230117687663,100.0,16,19,350,350
49.0,647.5,1.25,1.214161229859451,1.25,1.214161229859451,100.0,16,19,450,450
49.0,647.5,1.25,1.214161229859451,1.25,1.214161229859451,100.0,16,19,450,450
52.0,596.5,1.25,1.3771358915855518,1.25,1.3771358915855518,98.0,16,19,1000,1000
52.0,595.0,1.25,1.3771358915855518,1.25,1.3771358915855518,98.0,16,19,1000,1000
40.0,567.0,1.3,1.2581716211288294,1.2,1.4058686639784088,95.0,16,19,450,1000
40.0,566.0,1.3,1.2581716211288294,1.2,1.4058686639784088,95.0,16,19,450,1000
52.0,675.5,1.31,1.2241974528366752,1.31,1.2241974528366752,100.0,16,20,350,350
52.0,678.0,1.31,1.2241974528366752,1.31,1.2241974528366752,100.0,16,20,350,350
60.0,598.5,1.3,1.3787150099794958,1.3,1.3787150099794958,100.0,16,19,1000,1000
60.0,599.5,1.3,1.3787150099794958,1.3,1.3787150099794958,100.0,16,19,1000,1000
54.0,603.5,1.25,1.3445409592403317,1.25,1.3445409592403317,100.0,16,19,1000,1000
54.0,604.0,1.25,1.3445409592403317,1.25,1.3445409592403317,100.0,16,19,1000,1000
54.0,649.5,1.25,1.2386074291183662,1.25,1.2386074291183662,108.0,16,19,450,450
54.0,651.0,1.25,1.2386074291183662,1.25,1.2386074291183662,108.0,16,19,450,450
60.0,601.0,1.3,1.3787150099794958,1.3,1.3787150099794958,100.0,16,19,1000,1000
60.0,601.5,1.3,1.3787150099794958,1.3,1.3787150099794958,100.0,16,19,1000,1000
46.0,599.5,1.15,1.4152454674939052,1.15,1.4152454674939052,100.0,16,19,1000,1000
46.0,599.5,1.15,1.4152454674939052,1.15,1.4152454674939052,100.0,16,19,1000,1000
46.0,582.0,1.24,1.2421041344320658,1.3,1.3787150099794958,100.0,16,19,450,1000
46.0,581.5,1.24,1.2421041344320658,1.3,1.3787150099794958,100.0,16,19,450,1000
48.0,568.5,1.25,1.3771358915855518,1.25,1.3771358915855518,100.0,16,19,1000,1000
48.0,567.5,1.25,1.3771358915855518,1.25,1.3771358915855518,100.0,16,19,1000,1000
48.0,624.0,1.25,1.3282434930677216,1.25,1.3282434930677216,100.0,16,19,650,650
48.0,624.0,1.25,1.3282434930677216,1.25,1.3282434930677216,100.0,16,19,650,650
42.0,586.5,1.3,1.2581716211288294,1.3,1.2581716211288294,100.0,16,19,450,450
42.0,586.0,1.3,1.2581716211288294,1.3,1.2581716211288294,100.0,16,19,450,450
50.0,628.0,1.25,1.214161229859451,1.25,1.214161229859451,107.0,16,19,450,450
50.0,628.5,1.25,1.214161229859451,1.25,1.214161229859451,107.0,16,19,450,450
43.0,583.0,1.24,1.2421041344320658,1.24,1.2421041344320658,110.0,16,19,450,450
43.0,581.5,1.24,1.2421041344320658,1.24,1.2421041344320658,110.0,16,19,450,450
48.0,583.5,1.3,1.2581716211288294,1.25,1.3771358915855518,100.0,14,16,450,1000
48.0,584.0,1.3,1.2581716211288294,1.25,1.3771358915855518,100.0,14,16,450,1000
43.0,602.5,1.3,1.160230117687663,1.3,1.160230117687663,100.0,16,19,350,350
43.0,602.5,1.3,1.160230117687663,1.3,1.160230117687663,100.0,16,19,350,350
48.0,589.0,1.25,1.4178795570170772,1.3,1.2581716211288294,100.0,16,19,1000,450
48.0,591.0,1.25,1.4178795570170772,1.3,1.2581716211288294,100.0,16,19,1000,450
50.0,643.0,1.24,1.2421041344320658,1.24,1.2421041344320658,100.0,16,19,450,450
50.0,643.5,1.24,1.2421041344320658,1.24,1.2421041344320658,100.0,16,19,450,450
55.0,673.5,1.3,1.160230117687663,1.3,1.160230117687663,100.0,16,19,350,350
55.0,672.0,1.3,1.160230117687663,1.3,1.160230117687663,100.0,16,19,350,350
48.0,526.5,1.15,1.4152454674939052,1.15,1.4152454674939052,115.0,16,18,1000,1000
48.0,529.0,1.15,1.4152454674939052,1.15,1.4152454674939052,115.0,16,18,1000,1000
52.0,601.0,1.25,1.3771358915855518,1.25,1.3771358915855518,93.0,16,18,1000,1000
52.0,603.0,1.25,1.3771358915855518,1.25,1.3771358915855518,93.0,16,18,1000,1000
47.0,583.5,1.25,1.4178795570170772,1.3,1.2581716211288294,100.0,16,19,1000,450
47.0,585.0,1.25,1.4178795570170772,1.3,1.2581716211288294,100.0,16,19,1000,450
40.0,508.0,1.25,1.3445409592403317,1.25,1.3445409592403317,100.0,16,19,1000,1000
40.0,508.0,1.25,1.3445409592403317,1.25,1.3445409592403317,100.0,16,19,1000,1000
45.0,576.5,1.24,1.2421041344320658,1.24,1.2421041344320658,115.0,16,19,450,450
45.0,576.0,1.24,1.2421041344320658,1.24,1.2421041344320658,115.0,16,19,450,450
50.0,637.5,1.3,1.160230117687663,1.3,1.160230117687663,103.0,16,19,350,350
50.0,639.0,1.3,1.160230117687663,1.3,1.160230117687663,103.0,16,19,350,350
48.0,554.0,1.25,1.3771358915855518,1.25,1.3771358915855518,105.0,16,19,1000,1000
48.0,553.0,1.25,1.3771358915855518,1.25,1.3771358915855518,105.0,16,19,1000,1000
48.0,623.5,1.24,1.2421041344320658,1.24,1.2421041344320658,100.0,16,19,450,450
48.0,623.5,1.24,1.2421041344320658,1.24,1.2421041344320658,100.0,16,19,450,450
38.0,552.0,1.3,1.2506376593256627,1.25,1.4178795570170772,93.0,18,20,450,1000
38.0,552.0,1.3,1.2506376593256627,1.25,1.4178795570170772,93.0,18,20,450,1000
50.0,643.0,1.3,1.160230117687663,1.3,1.160230117687663,100.0,16,19,350,350
50.0,641.5,1.3,1.160230117687663,1.3,1.160230117687663,100.0,16,19,350,350
52.0,578.5,1.25,1.3771358915855518,1.25,1.3771358915855518,100.0,16,19,1000,1000
52.0,581.0,1.25,1.3771358915855518,1.25,1.3771358915855518,100.0,16,19,1000,1000
50.0,540.0,1.3,1.4013168953889956,1.3,1.4013168953889956,100.0,16,19,1000,1000
50.0,542.5,1.3,1.4013168953889956,1.3,1.4013168953889956,100.0,16,19,1000,1000
43.0,623.0,1.3,1.160230117687663,1.3,1.160230117687663,97.0,16,19,350,350
43.0,622.0,1.3,1.160230117687663,1.3,1.160230117687663,97.0,16,19,350,350
50.0,640.0,1.3,1.160230117687663,1.3,1.160230117687663,100.0,16,19,350,350
50.0,640.0,1.3,1.160230117687663,1.3,1.160230117687663,100.0,16,19,350,350
48.0,592.0,1.25,1.4178795570170772,1.3,1.2581716211288294,100.0,16,19,1000,450
48.0,592.5,1.25,1.4178795570170772,1.3,1.2581716211288294,100.0,16,19,1000,450
50.0,582.5,1.25,1.3445409592403317,1.25,1.3445409592403317,95.0,16,20,1000,1000
50.0,582.5,1.25,1.3445409592403317,1.25,1.3445409592403317,95.0,16,20,1000,1000
50.0,576.5,1.25,1.3445409592403317,1.25,1.3445409592403317,95.0,16,20,1000,1000
50.0,577.5,1.25,1.3445409592403317,1.25,1.3445409592403317,95.0,16,20,1000,1000
54.0,610.5,1.25,1.393433357758162,1.25,1.393433357758162,100.0,16,19,1000,1000
54.0,609.0,1.25,1.393433357758162,1.25,1.393433357758162,100.0,16,19,1000,1000
40.0,516.5,1.25,1.3445409592403317,1.25,1.3445409592403317,100.0,16,19,1000,1000
40.0,515.0,1.25,1.3445409592403317,1.25,1.3445409592403317,100.0,16,19,1000,1000
45.0,539.5,1.25,1.3771358915855518,1.25,1.3771358915855518,100.0,16,18,1000,1000
45.0,539.0,1.25,1.3771358915855518,1.25,1.3771358915855518,100.0,16,18,1000,1000
50.0,654.5,1.25,1.214161229859451,1.25,1.214161229859451,100.0,16,19,450,450
50.0,653.0,1.25,1.214161229859451,1.25,1.214161229859451,100.0,16,19,450,450
45.0,552.0,1.25,1.3445409592403317,1.25,1.3445409592403317,97.0,16,19,1000,1000
45.0,553.0,1.25,1.3445409592403317,1.25,1.3445409592403317,97.0,16,19,1000,1000
48.0,626.0,1.25,1.2386074291183662,1.25,1.2386074291183662,105.0,16,19,450,450
48.0,624.5,1.25,1.2386074291183662,1.25,1.2386074291183662,105.0,16,19,450,450
50.0,642.0,1.24,1.2421041344320658,1.24,1.2421041344320658,100.0,16,19,450,450
50.0,641.0,1.24,1.2421041344320658,1.24,1.2421041344320658,100.0,16,19,450,450
45.0,603.5,1.3,1.2506376593256627,1.3,1.2506376593256627,100.0,16,19,450,450
45.0,605.5,1.3,1.2506376593256627,1.3,1.2506376593256627,100.0,16,19,450,450
61.0,603.0,1.3,1.3787150099794958,1.3,1.3787150099794958,100.0,16,19,1000,1000
61.0,604.5,1.3,1.3787150099794958,1.3,1.3787150099794958,100.0,16,19,1000,1000
40.0,519.5,1.25,1.3445409592403317,1.25,1.3445409592403317,100.0,16,19,1000,1000
40.0,519.5,1.25,1.3445409592403317,1.25,1.3445409592403317,100.0,16,19,1000,1000
48.0,588.5,1.25,1.4178795570170772,1.3,1.2581716211288294,100.0,16,19,1000,450
48.0,588.0,1.25,1.4178795570170772,1.3,1.2581716211288294,100.0,16,19,1000,450
54.0,650.0,1.25,1.2386074291183662,1.25,1.2386074291183662,108.0,16,18,450,450
54.0,648.5,1.25,1.2386074291183662,1.25,1.2386074291183662,108.0,16,18,450,450
52.0,602.0,1.25,1.3771358915855518,1.25,1.3771358915855518,93.0,16,18,1000,1000
52.0,601.0,1.25,1.3771358915855518,1.25,1.3771358915855518,93.0,16,18,1000,1000
45.0,630.5,1.25,1.2386074291183662,1.25,1.2386074291183662,100.0,16,19,450,450
45.0,631.5,1.25,1.2386074291183662,1.25,1.2386074291183662,100.0,16,19,450,450
47.0,560.0,1.25,1.3771358915855518,1.25,1.3771358915855518,100.0,16,18,1000,1000
47.0,560.5,1.25,1.3771358915855518,1.25,1.3771358915855518,100.0,16,18,1000,1000
45.0,627.0,1.25,1.2386074291183662,1.25,1.2386074291183662,100.0,16,19,450,450
45.0,624.5,1.25,1.2386074291183662,1.25,1.2386074291183662,100.0,16,19,450,450
49.0,646.5,1.25,1.2386074291183662,1.25,1.2386074291183662,102.0,16,19,450,450
49.0,648.5,1.25,1.2386074291183662,1.25,1.2386074291183662,102.0,16,19,450,450
43.0,606.5,1.25,1.214161229859451,1.25,1.214161229859451,100.0,16,19,450,450
43.0,606.5,1.25,1.214161229859451,1.25,1.214161229859451,100.0,16,19,450,450
46.0,615.5,1.25,1.2386074291183662,1.25,1.2386074291183662,105.0,16,19,450,450
46.0,614.5,1.25,1.2386074291183662,1.25,1.2386074291183662,105.0,16,19,450,450
49.0,644.0,1.25,1.2386074291183662,1.25,1.2386074291183662,102.0,16,19,450,450
49.0,642.5,1.25,1.2386074291183662,1.25,1.2386074291183662,102.0,16,19,450,450
47.0,571.0,1.25,1.393433357758162,1.25,1.393433357758162,95.0,16,20,1000,1000
47.0,572.0,1.25,1.393433357758162,1.25,1.393433357758162,95.0,16,20,1000,1000
47.0,569.0,1.25,1.393433357758162,1.25,1.393433357758162,95.0,16,20,1000,1000
47.0,570.0,1.25,1.393433357758162,1.25,1.393433357758162,95.0,16,20,1000,1000
50.0,627.5,1.24,1.2421041344320658,1.24,1.2421041344320658,107.0,16,19,450,450
50.0,625.5,1.24,1.2421041344320658,1.24,1.2421041344320658,107.0,16,19,450,450
50.0,575.0,1.25,1.3771358915855518,1.25,1.3771358915855518,105.0,16,18,1000,1000
50.0,576.0,1.25,1.3771358915855518,1.25,1.3771358915855518,105.0,16,18,1000,1000
42.0,614.0,1.25,1.214161229859451,1.25,1.214161229859451,100.0,16,20,450,450
42.0,615.5,1.25,1.214161229859451,1.25,1.214161229859451,100.0,16,20,450,450
42.0,586.5,1.15,1.4152454674939052,1.15,1.4152454674939052,100.0,16,19,1000,1000
42.0,585.0,1.15,1.4152454674939052,1.15,1.4152454674939052,100.0,16,19,1000,1000
43.0,533.5,1.25,1.393433357758162,1.25,1.393433357758162,98.0,16,20,1000,1000
43.0,532.0,1.25,1.393433357758162,1.25,1.393433357758162,98.0,16,20,1000,1000
50.0,632.0,1.24,1.2421041344320658,1.24,1.2421041344320658,100.0,16,19,450,450
50.0,631.5,1.24,1.2421041344320658,1.24,1.2421041344320658,100.0,16,19,450,450
45.0,599.0,1.3,1.160230117687663,1.3,1.160230117687663,100.0,16,19,350,350
45.0,598.0,1.3,1.160230117687663,1.3,1.160230117687663,100.0,16,19,350,350
48.0,616.0,1.25,1.3763210182769214,1.25,1.3763210182769214,100.0,16,19,650,650
48.0,616.0,1.25,1.3763210182769214,1.25,1.3763210182769214,100.0,16,19,650,650
50.0,554.5,1.3,1.3787150099794958,1.3,1.3787150099794958,100.0,16,19,1000,1000
50.0,554.5,1.3,1.3787150099794958,1.3,1.3787150099794958,100.0,16,19,1000,1000
50.0,637.5,1.3,1.160230117687663,1.3,1.160230117687663,100.0,18,16,350,350
50.0,637.0,1.3,1.160230117687663,1.3,1.160230117687663,100.0,18,16,350,350
53.0,604.5,1.25,1.2874998276361966,1.25,1.2874998276361966,104.0,16,20,1000,1000
53.0,605.5,1.25,1.2874998276361966,1.25,1.2874998276361966,104.0,16,20,1000,1000
52.0,635.5,1.3,1.2506376593256627,1.3,1.2506376593256627,100.0,18,16,450,450
52.0,636.0,1.3,1.2506376593256627,1.3,1.2506376593256627,100.0,18,16,450,450
50.0,644.5,1.31,1.2241974528366752,1.31,1.2241974528366752,100.0,16,18,350,350
50.0,645.0,1.31,1.2241974528366752,1.31,1.2241974528366752,100.0,16,18,350,350
50.0,624.0,1.15,1.4152454674939052,1.15,1.4152454674939052,100.0,16,19,1000,1000
50.0,624.5,1.15,1.4152454674939052,1.15,1.4152454674939052,100.0,16,19,1000,1000
50.0,624.5,1.25,1.214161229859451,1.25,1.214161229859451,107.0,16,19,450,450
50.0,623.5,1.25,1.214161229859451,1.25,1.214161229859451,107.0,16,19,450,450
52.0,625.5,1.3,1.160230117687663,1.3,1.160230117687663,110.0,18,19,350,350
52.0,625.0,1.3,1.160230117687663,1.3,1.160230117687663,110.0,18,19,350,350
50.0,640.0,1.25,1.214161229859451,1.25,1.214161229859451,100.0,16,19,450,450
50.0,641.0,1.25,1.214161229859451,1.25,1.214161229859451,100.0,16,19,450,450
52.0,675.5,1.31,1.2241974528366752,1.31,1.2241974528366752,98.0,16,19,350,350
52.0,676.0,1.31,1.2241974528366752,1.31,1.2241974528366752,98.0,16,19,350,350
52.0,657.0,1.3,1.160230117687663,1.3,1.160230117687663,98.0,16,19,350,350
52.0,655.5,1.3,1.160230117687663,1.3,1.160230117687663,98.0,16,19,350,350
47.0,614.0,1.15,1.4152454674939052,1.15,1.4152454674939052,100.0,16,19,1000,1000
47.0,613.5,1.15,1.4152454674939052,1.15,1.4152454674939052,100.0,16,19,1000,1000
56.0,580.0,1.3,1.3787150099794958,1.3,1.3787150099794958,100.0,16,19,1000,1000
56.0,581.0,1.3,1.3787150099794958,1.3,1.3787150099794958,100.0,16,19,1000,1000
56.0,592.5,1.3,1.3787150099794958,1.3,1.3787150099794958,100.0,16,19,1000,1000
56.0,592.5,1.3,1.3787150099794958,1.3,1.3787150099794958,100.0,16,19,1000,1000
46.0,636.5,1.25,1.2386074291183662,1.25,1.2386074291183662,100.0,16,19,450,450
46.0,634.5,1.25,1.2386074291183662,1.25,1.2386074291183662,100.0,16,19,450,450
55.0,663.5,1.15,1.4152454674939052,1.15,1.4152454674939052,98.0,16,19,1000,1000
55.0,661.0,1.15,1.4152454674939052,1.15,1.4152454674939052,98.0,16,19,1000,1000
42.0,573.0,1.2,1.399845701638282,1.25,1.3282434930677216,100.0,16,19,1000,650
42.0,574.0,1.2,1.399845701638282,1.25,1.3282434930677216,100.0,16,19,1000,650
48.0,565.0,1.25,1.3771358915855518,1.25,1.3771358915855518,100.0,16,19,1000,1000
48.0,564.0,1.25,1.3771358915855518,1.25,1.3771358915855518,100.0,16,19,1000,1000
42.5,612.0,1.25,1.214161229859451,1.25,1.214161229859451,100.0,16,19,450,450
42.5,611.5,1.25,1.214161229859451,1.25,1.214161229859451,100.0,16,19,450,450
51.0,701.0,1.22,1.2232817448073654,1.22,1.2232817448073654,98.0,16,19,350,350
51.0,699.5,1.22,1.2232817448073654,1.22,1.2232817448073654,98.0,16,19,350,350
46.0,580.5,1.25,1.2874998276361966,1.25,1.2874998276361966,100.0,16,19,1000,1000
46.0,580.0,1.25,1.2874998276361966,1.25,1.2874998276361966,100.0,16,19,1000,1000
47.0,608.0,1.25,1.214161229859451,1.25,1.214161229859451,107.0,16,19,450,450
47.0,608.5,1.25,1.214161229859451,1.25,1.214161229859451,107.0,16,19,450,450
55.0,606.0,1.25,1.3445409592403317,1.25,1.3445409592403317,103.0,16,20,1000,1000
55.0,606.5,1.25,1.3445409592403317,1.25,1.3445409592403317,103.0,16,20,1000,1000
48.0,637.5,1.3,1.160230117687663,1.3,1.160230117687663,100.0,16,19,350,350
48.0,639.5,1.3,1.160230117687663,1.3,1.160230117687663,100.0,16,19,350,350
42.0,597.0,1.3,1.160230117687663,1.3,1.160230117687663,100.0,14,18,350,350
42.0,598.5,1.3,1.160230117687663,1.3,1.160230117687663,100.0,14,18,350,350
47.0,622.0,1.15,1.4152454674939052,1.15,1.4152454674939052,97.0,16,21,1000,1000
47.0,622.0,1.15,1.4152454674939052,1.15,1.4152454674939052,97.0,16,21,1000,1000
47.0,557.5,1.25,1.3771358915855518,1.25,1.3771358915855518,97.0,16,21,1000,1000
47.0,554.5,1.25,1.3771358915855518,1.25,1.3771358915855518,97.0,16,21,1000,1000
47.0,559.0,1.25,1.3771358915855518,1.25,1.3771358915855518,97.0,16,21,1000,1000
47.0,559.0,1.25,1.3771358915855518,1.25,1.3771358915855518,97.0,16,21,1000,1000
48.0,647.5,1.25,1.214161229859451,1.25,1.214161229859451,100.0,16,19,450,450
48.0,645.0,1.25,1.214161229859451,1.25,1.214161229859451,100.0,16,19,450,450
40.0,512.5,1.25,1.3445409592403317,1.25,1.3445409592403317,100.0,16,19,1000,1000
40.0,511.0,1.25,1.3445409592403317,1.25,1.3445409592403317,100.0,16,19,1000,1000
47.0,614.0,1.25,1.2386074291183662,1.25,1.2386074291183662,100.0,16,19,450,450
47.0,614.5,1.25,1.2386074291183662,1.25,1.2386074291183662,100.0,16,19,450,450
51.5,665.5,1.25,1.2386074291183662,1.25,1.2386074291183662,100.0,16,19,450,450
51.5,666.5,1.25,1.2386074291183662,1.25,1.2386074291183662,100.0,16,19,450,450
50.0,604.5,1.25,1.4178795570170772,1.25,1.4178795570170772,95.0,16,19,1000,1000
50.0,604.5,1.25,1.4178795570170772,1.25,1.4178795570170772,95.0,16,19,1000,1000
50.0,606.0,1.25,1.4178795570170772,1.25,1.4178795570170772,95.0,16,19,1000,1000
50.0,605.0,1.25,1.4178795570170772,1.25,1.4178795570170772,95.0,16,19,1000,1000
50.0,581.5,1.25,1.3771358915855518,1.25,1.3771358915855518,100.0,16,19,1000,1000
50.0,581.0,1.25,1.3771358915855518,1.25,1.3771358915855518,100.0,16,19,1000,1000
50.0,579.5,1.25,1.3771358915855518,1.25,1.3771358915855518,102.0,16,19,1000,1000
50.0,578.0,1.25,1.3771358915855518,1.25,1.3771358915855518,102.0,16,19,1000,1000
43.0,586.5,1.3,1.2506376593256627,1.3,1.2506376593256627,98.0,16,20,450,450
43.0,586.5,1.3,1.2506376593256627,1.3,1.2506376593256627,98.0,16,20,450,450
52.0,573.0,1.25,1.3771358915855518,1.25,1.3771358915855518,100.0,16,19,1000,1000
52.0,574.0,1.25,1.3771358915855518,1.25,1.3771358915855518,100.0,16,19,1000,1000
47.5,634.0,1.25,1.214161229859451,1.25,1.214161229859451,100.0,16,19,450,450
47.5,635.5,1.25,1.214161229859451,1.25,1.214161229859451,100.0,16,19,450,450
52.0,666.5,1.2,1.4058686639784088,1.2,1.4058686639784088,88.0,18,20,1000,1000
52.0,667.0,1.2,1.4058686639784088,1.2,1.4058686639784088,88.0,18,20,1000,1000
47.0,571.5,1.25,1.4178795570170772,1.25,1.4178795570170772,100.0,16,19,1000,1000
47.0,573.0,1.25,1.4178795570170772,1.25,1.4178795570170772,100.0,16,19,1000,1000
37.0,495.0,1.3,1.160230117687663,1.3,1.160230117687663,115.0,16,18,350,350
37.0,495.5,1.3,1.160230117687663,1.3,1.160230117687663,115.0,16,18,350,350
45.0,620.0,1.31,1.2241974528366752,1.2,1.4058686639784088,98.0,16,19,350,1000
45.0,622.5,1.31,1.2241974528366752,1.2,1.4058686639784088,98.0,16,19,350,1000
46.0,530.0,1.3,1.4013168953889956,1.3,1.4013168953889956,100.0,16,19,1000,1000
46.0,527.0,1.3,1.4013168953889956,1.3,1.4013168953889956,100.0,16,19,1000,1000
50.0,597.5,1.3,1.160230117687663,1.3,1.160230117687663,115.0,16,19,350,350
50.0,598.5,1.3,1.160230117687663,1.3,1.160230117687663,115.0,16,19,350,350
45.0,608.0,1.3,1.160230117687663,1.3,1.160230117687663,100.0,16,19,350,350
45.0,608.5,1.3,1.160230117687663,1.3,1.160230117687663,100.0,16,19,350,350
50.0,570.5,1.25,1.3771358915855518,1.25,1.3771358915855518,100.0,16,19,1000,1000
50.0,570.5,1.25,1.3771358915855518,1.25,1.3771358915855518,100.0,16,19,1000,1000
52.0,563.5,1.3,1.3787150099794958,1.3,1.3787150099794958,100.0,16,19,1000,1000
52.0,564.0,1.3,1.3787150099794958,1.3,1.3787150099794958,100.0,16,19,1000,1000
53.0,600.5,1.25,1.4178795570170772,1.25,1.4178795570170772,100.0,16,19,1000,1000
53.0,601.5,1.25,1.4178795570170772,1.25,1.4178795570170772,100.0,16,19,1000,1000
58.0,586.5,1.3,1.3787150099794958,1.3,1.3787150099794958,100.0,16,19,1000,1000
58.0,588.5,1.3,1.3787150099794958,1.3,1.3787150099794958,100.0,16,19,1000,1000
58.0,587.0,1.3,1.3787150099794958,1.3,1.3787150099794958,100.0,16,19,1000,1000
58.0,588.0,1.3,1.3787150099794958,1.3,1.3787150099794958,100.0,16,19,1000,1000
52.0,636.5,1.15,1.4152454674939052,1.15,1.4152454674939052,100.0,18,16,1000,1000
52.0,637.5,1.15,1.4152454674939052,1.15,1.4152454674939052,100.0,18,16,1000,1000
50.0,639.0,1.3,1.160230117687663,1.3,1.160230117687663,100.0,16,19,350,350
50.0,637.0,1.3,1.160230117687663,1.3,1.160230117687663,100.0,16,19,350,350
46.0,524.5,1.3,1.4013168953889956,1.3,1.4013168953889956,100.0,16,19,1000,1000
46.0,525.5,1.3,1.4013168953889956,1.3,1.4013168953889956,100.0,16,19,1000,1000
46.0,566.0,1.25,1.2874998276361966,1.25,1.2874998276361966,100.0,16,19,1000,1000
46.0,564.0,1.25,1.2874998276361966,1.25,1.2874998276361966,100.0,16,19,1000,1000
49.5,626.0,1.3,1.2506376593256627,1.3,1.2506376593256627,100.0,18,16,450,450
49.5,626.0,1.3,1.2506376593256627,1.3,1.2506376593256627,100.0,18,16,450,450
52.0,591.5,1.25,1.3445409592403317,1.25,1.3445409592403317,97.0,16,19,1000,1000
52.0,592.5,1.25,1.3445409592403317,1.25,1.3445409592403317,97.0,16,19,1000,1000
52.0,593.0,1.25,1.3445409592403317,1.25,1.3445409592403317,97.0,16,19,1000,1000
52.0,591.0,1.25,1.3445409592403317,1.25,1.3445409592403317,97.0,16,19,1000,1000
53.0,714.0,1.22,1.2232817448073654,1.22,1.2232817448073654,98.0,16,19,350,350
53.0,716.0,1.22,1.2232817448073654,1.22,1.2232817448073654,98.0,16,19,350,350
44.0,615.0,1.31,1.2241974528366752,1.31,1.2241974528366752,100.0,16,19,350,350
44.0,616.5,1.31,1.2241974528366752,1.31,1.2241974528366752,100.0,16,19,350,350
44.0,646.0,1.22,1.2232817448073654,1.22,1.2232817448073654,100.0,16,19,350,350
44.0,648.0,1.22,1.2232817448073654,1.22,1.2232817448073654,100.0,16,19,350,350
55.0,680.0,1.3,1.160230117687663,1.3,1.160230117687663,100.0,16,19,350,350
55.0,679.0,1.3,1.160230117687663,1.3,1.160230117687663,100.0,16,19,350,350
50.0,637.5,1.3,1.160230117687663,1.3,1.160230117687663,100.0,16,19,350,350
50.0,637.0,1.3,1.160230117687663,1.3,1.160230117687663,100.0,16,19,350,350
48.0,612.0,1.3,1.2355697357193294,1.3,1.2355697357193294,100.0,16,19,450,450
48.0,612.0,1.3,1.2355697357193294,1.3,1.2355697357193294,100.0,16,19,450,450
54.0,669.5,1.25,1.2386074291183662,1.25,1.2386074291183662,108.0,16,18,450,450
54.0,668.5,1.25,1.2386074291183662,1.25,1.2386074291183662,108.0,16,18,450,450
50.5,637.5,1.3,1.160230117687663,1.3,1.160230117687663,100.0,18,16,350,350
50.5,639.0,1.3,1.160230117687663,1.3,1.160230117687663,100.0,18,16,350,350
55.0,668.5,1.3,1.160230117687663,1.3,1.160230117687663,100.0,16,19,350,350
55.0,669.0,1.3,1.160230117687663,1.3,1.160230117687663,100.0,16,19,350,350
47.0,620.0,1.25,1.214161229859451,1.25,1.214161229859451,105.0,16,15,450,450
47.0,621.5,1.25,1.214161229859451,1.25,1.214161229859451,105.0,16,15,450,450
47.0,568.0,1.25,1.3771358915855518,1.25,1.3771358915855518,98.0,16,19,1000,1000
47.0,567.5,1.25,1.3771358915855518,1.25,1.3771358915855518,98.0,16,19,1000,1000
40.0,567.5,1.15,1.4152454674939052,1.15,1.4152454674939052,98.0,18,20,1000,1000
40.0,567.5,1.15,1.4152454674939052,1.15,1.4152454674939052,98.0,18,20,1000,1000
47.5,641.0,1.25,1.214161229859451,1.25,1.214161229859451,100.0,16,19,450,450
47.5,640.5,1.25,1.214161229859451,1.25,1.214161229859451,100.0,16,19,450,450
47.5,637.5,1.25,1.214161229859451,1.25,1.214161229859451,100.0,16,19,450,450
47.5,635.5,1.25,1.214161229859451,1.25,1.214161229859451,100.0,16,19,450,450
53.0,597.5,1.25,1.3445409592403317,1.25,1.3445409592403317,98.0,16,19,1000,1000
53.0,599.0,1.25,1.3445409592403317,1.25,1.3445409592403317,98.0,16,19,1000,1000
41.5,595.5,1.25,1.214161229859451,1.25,1.214161229859451,102.0,16,19,450,450
41.5,597.0,1.25,1.214161229859451,1.25,1.214161229859451,102.0,16,19,450,450
35.0,472.5,1.25,1.3445409592403317,1.25,1.3445409592403317,100.0,16,19,1000,1000
35.0,472.5,1.25,1.3445409592403317,1.25,1.3445409592403317,100.0,16,19,1000,1000
42.0,564.0,1.3,1.160230117687663,1.3,1.160230117687663,110.0,16,20,350,350
42.0,564.5,1.3,1.160230117687663,1.3,1.160230117687663,110.0,16,20,350,350
45.0,524.0,1.25,1.3445409592403317,1.25,1.3445409592403317,100.0,16,19,1000,1000
45.0,524.0,1.25,1.3445409592403317,1.25,1.3445409592403317,100.0,16,19,1000,1000
47.5,626.5,1.24,1.2421041344320658,1.24,1.2421041344320658,102.0,16,19,450,450
47.5,628.0,1.24,1.2421041344320658,1.24,1.2421041344320658,102.0,16,19,450,450
60.0,621.0,1.25,1.393433357758162,1.25,1.393433357758162,100.0,16,19,1000,1000
60.0,622.0,1.25,1.393433357758162,1.25,1.393433357758162,100.0,16,19,1000,1000
50.0,636.5,1.25,1.214161229859451,1.25,1.214161229859451,107.0,16,19,450,450
50.0,636.5,1.25,1.214161229859451,1.25,1.214161229859451,107.0,16,19,450,450
40.0,529.5,1.25,1.393433357758162,1.25,1.393433357758162,100.0,16,19,1000,1000
40.0,531.5,1.25,1.393433357758162,1.25,1.393433357758162,100.0,16,19,1000,1000
52.0,573.5,1.3,1.3787150099794958,1.3,1.3787150099794958,100.0,16,19,1000,1000
52.0,572.5,1.3,1.3787150099794958,1.3,1.3787150099794958,100.0,16,19,1000,1000
46.0,625.5,1.25,1.214161229859451,1.25,1.214161229859451,103.0,16,18,450,450
46.0,626.0,1.25,1.214161229859451,1.25,1.214161229859451,103.0,16,18,450,450
41.0,570.5,1.24,1.2421041344320658,1.25,1.3445409592403317,97.0,16,19,450,1000
41.0,570.0,1.24,1.2421041344320658,1.25,1.3445409592403317,97.0,16,19,450,1000
46.0,581.5,1.25,1.2826105877844136,1.25,1.2826105877844136,100.0,16,19,650,650
46.0,581.0,1.25,1.2826105877844136,1.25,1.2826105877844136,100.0,16,19,650,650
51.0,617.0,1.25,1.393433357758162,1.25,1.393433357758162,100.0,18,16,1000,1000
51.0,618.5,1.25,1.393433357758162,1.25,1.393433357758162,100.0,18,16,1000,1000
48.0,618.0,1.3,1.2355697357193294,1.3,1.2355697357193294,98.0,16,19,450,450
48.0,617.5,1.3,1.2355697357193294,1.3,1.2355697357193294,98.0,16,19,450,450
48.0,542.5,1.25,1.3445409592403317,1.25,1.3445409592403317,100.0,16,19,1000,1000
48.0,543.5,1.25,1.3445409592403317,1.25,1.3445409592403317,100.0,16,19,1000,1000
43.5,602.0,1.31,1.2241974528366752,1.31,1.2241974528366752,100.0,16,19,350,350
43.5,602.0,1.31,1.2241974528366752,1.31,1.2241974528366752,100.0,16,19,350,350
55.0,671.5,1.3,1.160230117687663,1.3,1.160230117687663,100.0,16,19,350,350
55.0,672.5,1.3,1.160230117687663,1.3,1.160230117687663,100.0,16,19,350,350
52.0,670.5,1.25,1.214161229859451,1.25,1.214161229859451,100.0,16,19,450,450
52.0,669.5,1.25,1.214161229859451,1.25,1.214161229859451,100.0,16,19,450,450
42.0,592.5,1.15,1.4152454674939052,1.15,1.4152454674939052,98.0,18,20,1000,1000
42.0,593.0,1.15,1.4152454674939052,1.15,1.4152454674939052,98.0,18,20,1000,1000
54.0,630.5,1.2,1.4058686639784088,1.2,1.4058686639784088,100.0,16,19,1000,1000
54.0,630.0,1.2,1.4058686639784088,1.2,1.4058686639784088,100.0,16,19,1000,1000
44.0,562.5,1.25,1.4178795570170772,1.25,1.4178795570170772,100.0,16,19,1000,1000
44.0,563.5,1.25,1.4178795570170772,1.25,1.4178795570170772,100.0,16,19,1000,1000
46.0,551.0,1.25,1.3771358915855518,1.25,1.3771358915855518,105.0,16,15,1000,1000
46.0,550.0,1.25,1.3771358915855518,1.25,1.3771358915855518,105.0,16,15,1000,1000
46.0,610.0,1.24,1.2421041344320658,1.24,1.2421041344320658,100.0,16,19,450,450
46.0,610.0,1.24,1.2421041344320658,1.24,1.2421041344320658,100.0,16,19,450,450
48.0,572.5,1.25,1.4178795570170772,1.25,1.4178795570170772,98.0,16,19,1000,1000
48.0,573.0,1.25,1.4178795570170772,1.25,1.4178795570170772,98.0,16,19,1000,1000
46.0,616.0,1.25,1.2386074291183662,1.25,1.2386074291183662,105.0,16,19,450,450
46.0,615.0,1.25,1.2386074291183662,1.25,1.2386074291183662,105.0,16,19,450,450
